Date,Day of Week,Visits,Year,xmas,cl,Class,days from christmas,springb,springb2,sb,break,holiday,snowfall,snowclass,Snowclass,numsnowclass,weekday,Friday,Saturday,Sunday,Monday,Tuesday,Wednesday,Thursday,SeasonDay,class,wkday,wkday2,dec,spred
11/20/2013,Wednesday,645,1,0,1,2,28,0,0,0,0,0,0,None,none,0,1,0,0,0,0,0,1,0,1,medium,1,1,0,1
11/21/2013,Thursday,317,1,0,1,1,27,0,0,0,0,0,0,None,none,0,1,0,0,0,0,0,0,1,2,low,0,1,0,2
11/22/2013,Friday,303,1,0,1,1,26,0,0,0,0,0,0,None,none,0,0,1,0,0,0,0,0,0,3,low,0,0,0,3
11/23/2013,Saturday,1160,1,0,2,3,25,0,0,0,0,0,0,None,none,0,0,0,1,0,0,0,0,0,4,high,0,0,0,3
11/24/2013,Sunday,822,1,0,1,2,24,0,0,0,0,0,0,None,none,0,0,0,0,1,0,0,0,0,5,medium,0,0,0,3
12/2/2013,Monday,496,1,0,1,1,23,0,0,0,0,0,15,High,high,5,1,0,0,0,1,0,0,0,6,low,1,0,1,2
12/3/2013,Tuesday,544,1,0,1,2,22,0,0,0,0,0,3,Low,low,1,1,0,0,0,0,1,0,0,7,medium,1,1,1,2
12/4/2013,Wednesday,454,1,0,1,1,21,0,0,0,0,0,0,None,none,0,1,0,0,0,0,0,1,0,8,low,1,1,1,2
12/5/2013,Thursday,397,1,0,1,1,20,0,0,0,0,0,0,None,none,0,1,0,0,0,0,0,0,1,9,low,0,1,1,2
12/6/2013,Friday,345,1,0,1,1,19,0,0,0,0,0,0,None,none,0,0,1,0,0,0,0,0,0,10,low,0,0,1,3
12/7/2013,Saturday,1772,1,0,2,3,18,0,0,0,0,0,0,None,none,0,0,0,1,0,0,0,0,0,11,high,0,0,1,3
12/8/2013,Sunday,1603,1,0,2,3,17,0,0,0,0,0,0,None,none,0,0,0,0,1,0,0,0,0,12,high,0,0,1,3
12/9/2013,Monday,215,1,0,1,1,16,0,0,0,0,0,0,None,none,0,1,0,0,0,1,0,0,0,13,low,1,0,1,2
12/10/2013,Tuesday,190,1,0,1,1,15,0,0,0,0,0,0,None,none,0,1,0,0,0,0,1,0,0,14,low,1,1,1,2
12/11/2013,Wednesday,310,1,0,1,1,14,0,0,0,0,0,0,None,none,0,1,0,0,0,0,0,1,0,15,low,1,1,1,2
12/12/2013,Thursday,353,1,0,1,1,13,0,0,0,0,0,0,None,none,0,1,0,0,0,0,0,0,1,16,low,0,1,1,2
12/13/2013,Friday,741,1,0,1,2,12,0,0,0,0,0,0,None,none,0,0,1,0,0,0,0,0,0,17,medium,0,0,1,3
12/14/2013,Saturday,2698,1,1,3,3,11,0,0,0,1,0,1,Low,low,1,0,0,1,0,0,0,0,0,18,high,0,0,1,3
12/15/2013,Sunday,1775,1,1,2,3,10,0,0,0,1,0,0,None,none,0,0,0,0,1,0,0,0,0,19,high,0,0,1,3
12/16/2013,Monday,551,1,1,1,2,9,0,0,0,1,0,0,None,none,0,1,0,0,0,1,0,0,0,20,medium,1,0,1,2
12/17/2013,Tuesday,320,1,1,1,1,8,0,0,0,1,0,0,None,none,0,1,0,0,0,0,1,0,0,21,low,1,1,1,2
12/18/2013,Wednesday,362,1,1,1,1,7,0,0,0,1,0,0,None,none,0,1,0,0,0,0,0,1,0,22,low,1,1,1,2
12/19/2013,Thursday,586,1,1,1,2,6,0,0,0,1,0,1,Low,low,1,1,0,0,0,0,0,0,1,23,medium,0,1,1,2
12/20/2013,Friday,893,1,1,1,2,5,0,0,0,1,0,1,Low,low,1,0,1,0,0,0,0,0,0,24,medium,0,0,1,3
12/21/2013,Saturday,2388,1,1,3,3,4,0,0,0,1,0,2,Low,low,1,0,0,1,0,0,0,0,0,25,high,0,0,1,3
12/22/2013,Sunday,1361,1,1,2,3,3,0,0,0,1,0,2,Low,low,1,0,0,0,1,0,0,0,0,26,high,0,0,1,3
12/23/2013,Monday,1088,1,1,2,3,2,0,0,0,1,0,1,Low,low,1,1,0,0,0,1,0,0,0,27,high,1,0,1,2
12/24/2013,Tuesday,2117,1,1,3,3,1,0,0,0,1,0,3,Low,low,1,1,0,0,0,0,1,0,0,28,high,1,1,1,2
12/25/2013,Wednesday,2053,1,1,3,3,0,0,0,0,1,0,0,None,none,0,1,0,0,0,0,0,1,0,29,high,1,1,1,2
12/26/2013,Thursday,2429,1,1,3,3,1,0,0,0,1,0,0,None,none,0,1,0,0,0,0,0,0,1,30,high,0,1,1,2
12/27/2013,Friday,2811,1,1,3,3,2,0,0,0,1,0,1,Low,low,1,0,1,0,0,0,0,0,0,31,high,0,0,1,3
12/28/2013,Saturday,3649,1,1,3,3,3,0,0,0,1,0,0,None,none,0,0,0,1,0,0,0,0,0,32,high,0,0,1,3
12/29/2013,Sunday,2200,1,1,3,3,4,0,0,0,1,0,0,None,none,0,0,0,0,1,0,0,0,0,33,high,0,0,1,3
12/30/2013,Monday,1944,1,1,2,3,5,0,0,0,1,0,0,None,none,0,1,0,0,0,1,0,0,0,34,high,1,0,1,2
12/31/2013,Tuesday,1856,1,1,2,3,6,0,0,0,1,0,2,Low,low,1,1,0,0,0,0,1,0,0,35,high,1,1,1,2
1/1/2014,Wednesday,2550,1,1,3,3,7,0,0,0,1,1,0,None,none,0,1,0,0,0,0,0,1,0,36,high,1,1,0,2
1/2/2014,Thursday,1132,1,1,2,3,8,0,0,0,1,0,0,None,none,0,1,0,0,0,0,0,0,1,37,high,0,1,0,2
1/3/2014,Friday,2288,1,1,3,3,9,0,0,0,1,0,4,MediumLow,medium,2,0,1,0,0,0,0,0,0,38,high,0,0,0,3
1/4/2014,Saturday,5633,1,1,3,3,10,0,0,0,1,0,0,None,none,0,0,0,1,0,0,0,0,0,39,high,0,0,0,3
1/5/2014,Sunday,3299,1,1,3,3,11,0,0,0,1,0,0,None,none,0,0,0,0,1,0,0,0,0,40,high,0,0,0,3
1/6/2014,Monday,367,1,1,1,1,12,0,0,0,1,0,0,None,none,0,1,0,0,0,1,0,0,0,41,low,1,0,0,2
1/7/2014,Tuesday,324,1,1,1,1,13,0,0,0,1,0,0,None,none,0,1,0,0,0,0,1,0,0,42,low,1,1,0,2
1/8/2014,Wednesday,376,1,1,1,1,14,0,0,0,1,0,0,None,none,0,1,0,0,0,0,0,1,0,43,low,1,1,0,2
1/9/2014,Thursday,1245,1,1,2,3,15,0,0,0,1,0,8,MediumHigh,high,4,1,0,0,0,0,0,0,1,44,high,0,1,0,2
1/10/2014,Friday,2238,1,1,3,3,16,0,0,0,1,0,1,Low,low,1,0,1,0,0,0,0,0,0,45,high,0,0,0,3
1/11/2014,Saturday,3106,1,1,3,3,17,0,0,0,1,0,14,High,high,5,0,0,1,0,0,0,0,0,46,high,0,0,0,3
1/12/2014,Sunday,6195,1,1,3,3,18,0,0,0,1,0,8,MediumHigh,high,4,0,0,0,1,0,0,0,0,47,high,0,0,0,3
1/13/2014,Monday,1088,1,0,2,3,19,0,0,0,0,0,0,None,none,0,1,0,0,0,1,0,0,0,48,high,1,0,0,2
1/14/2014,Tuesday,986,1,0,1,2,20,0,0,0,0,0,0,None,none,0,1,0,0,0,0,1,0,0,49,medium,1,1,0,2
1/15/2014,Wednesday,1392,1,0,2,3,21,0,0,0,0,0,0,None,none,0,1,0,0,0,0,0,1,0,50,high,1,1,0,2
1/16/2014,Thursday,906,1,0,1,2,22,0,0,0,0,0,0,None,none,0,1,0,0,0,0,0,0,1,51,medium,0,1,0,2
1/17/2014,Friday,1932,1,0,2,3,23,0,0,0,0,0,0,None,none,0,0,1,0,0,0,0,0,0,52,high,0,0,0,3
1/18/2014,Saturday,5429,1,0,3,3,24,0,0,0,0,0,0,None,none,0,0,0,1,0,0,0,0,0,53,high,0,0,0,3
1/19/2014,Sunday,3396,1,0,3,3,25,0,0,0,0,0,0,None,none,0,0,0,0,1,0,0,0,0,54,high,0,0,0,3
1/20/2014,Monday,2766,1,0,3,3,26,0,0,0,0,1,0,None,none,0,1,0,0,0,1,0,0,0,55,high,1,0,0,2
1/21/2014,Tuesday,501,1,0,1,2,27,0,0,0,0,0,0,None,none,0,1,0,0,0,0,1,0,0,56,medium,1,1,0,2
1/22/2014,Wednesday,689,1,0,1,2,28,0,0,0,0,0,0,None,none,0,1,0,0,0,0,0,1,0,57,medium,1,1,0,2
1/23/2014,Thursday,679,1,0,1,2,29,0,0,0,0,0,0,None,none,0,1,0,0,0,0,0,0,1,58,medium,0,1,0,2
1/24/2014,Friday,1653,1,0,2,3,30,0,0,0,0,0,0,None,none,0,0,1,0,0,0,0,0,0,59,high,0,0,0,3
1/25/2014,Saturday,4746,1,0,3,3,31,0,0,0,0,0,0,None,none,0,0,0,1,0,0,0,0,0,60,high,0,0,0,3
1/26/2014,Sunday,4127,1,0,3,3,32,0,0,0,0,0,0,None,none,0,0,0,0,1,0,0,0,0,61,high,0,0,0,3
1/27/2014,Monday,791,1,0,1,2,33,0,0,0,0,0,0,None,none,0,1,0,0,0,1,0,0,0,62,medium,1,0,0,2
1/28/2014,Tuesday,368,1,0,1,1,34,0,0,0,0,0,3,Low,low,1,1,0,0,0,0,1,0,0,63,low,1,1,0,2
1/29/2014,Wednesday,591,1,0,1,2,35,0,0,0,0,0,9,MediumHigh,high,4,1,0,0,0,0,0,1,0,64,medium,1,1,0,2
1/30/2014,Thursday,1121,1,0,2,3,36,0,0,0,0,0,3,Low,low,1,1,0,0,0,0,0,0,1,65,high,0,1,0,2
1/31/2014,Friday,2615,1,0,3,3,37,0,0,0,0,0,1,Low,low,1,0,1,0,0,0,0,0,0,66,high,0,0,0,3
2/1/2014,Saturday,5741,1,0,3,3,38,0,0,0,0,0,1,Low,low,1,0,0,1,0,0,0,0,0,67,high,0,0,0,3
2/2/2014,Sunday,2832,1,0,3,3,39,0,0,0,0,0,0,None,none,0,0,0,0,1,0,0,0,0,68,high,0,0,0,3
2/3/2014,Monday,824,1,0,1,2,40,0,0,0,0,0,0,None,none,0,1,0,0,0,1,0,0,0,69,medium,1,0,0,2
2/4/2014,Tuesday,704,1,0,1,2,41,0,0,0,0,0,0,None,none,0,1,0,0,0,0,1,0,0,70,medium,1,1,0,2
2/5/2014,Wednesday,725,1,0,1,2,42,0,0,0,0,0,0,None,none,0,1,0,0,0,0,0,1,0,71,medium,1,1,0,2
2/6/2014,Thursday,701,1,0,1,2,43,0,0,0,0,0,1,Low,low,1,1,0,0,0,0,0,0,1,72,medium,0,1,0,2
2/7/2014,Friday,1415,1,0,2,3,44,0,0,0,0,0,10,MediumHigh,high,4,0,1,0,0,0,0,0,0,73,high,0,0,0,3
2/8/2014,Saturday,4276,1,0,3,3,45,0,0,0,0,0,9,MediumHigh,high,4,0,0,1,0,0,0,0,0,74,high,0,0,0,3
2/9/2014,Sunday,4689,1,0,3,3,46,0,0,0,0,0,8,MediumHigh,high,4,0,0,0,1,0,0,0,0,75,high,0,0,0,3
2/10/2014,Monday,789,1,0,1,2,47,0,0,0,0,0,1,Low,low,1,1,0,0,0,1,0,0,0,76,medium,1,0,0,2
2/11/2014,Tuesday,917,1,0,1,2,48,0,0,0,0,0,12,High,high,5,1,0,0,0,0,1,0,0,77,medium,1,1,0,2
2/12/2014,Wednesday,1016,1,0,2,3,49,0,0,0,0,0,8,MediumHigh,high,4,1,0,0,0,0,0,1,0,78,high,1,1,0,2
2/13/2014,Thursday,1355,1,0,2,3,50,0,0,0,0,0,3,Low,low,1,1,0,0,0,0,0,0,1,79,high,0,1,0,2
2/14/2014,Friday,2911,1,0,3,3,51,0,0,0,0,0,4,MediumLow,medium,2,0,1,0,0,0,0,0,0,80,high,0,0,0,3
2/15/2014,Saturday,5063,1,0,3,3,52,0,0,0,0,0,38,High,high,5,0,0,1,0,0,0,0,0,81,high,0,0,0,3
2/16/2014,Sunday,6663,1,0,3,3,53,0,0,0,0,0,23,High,high,5,0,0,0,1,0,0,0,0,82,high,0,0,0,3
2/18/2014,Tuesday,3141,1,0,3,3,54,0,0,0,0,0,24,High,high,5,1,0,0,0,0,1,0,0,83,high,1,1,0,2
2/19/2014,Wednesday,3068,1,0,3,3,55,0,0,0,0,0,20,High,high,5,1,0,0,0,0,0,1,0,84,high,1,1,0,2
2/20/2014,Thursday,2716,1,0,3,3,56,0,0,0,0,0,6,Medium,medium,3,1,0,0,0,0,0,0,1,85,high,0,1,0,2
2/21/2014,Friday,4315,1,0,3,3,57,0,1,1,0,0,0,None,none,0,0,1,0,0,0,0,0,0,86,high,0,0,0,3
2/22/2014,Saturday,5990,1,0,3,3,58,0,1,1,0,0,2,Low,low,1,0,0,1,0,0,0,0,0,87,high,0,0,0,3
2/23/2014,Sunday,5452,1,0,3,3,59,0,1,1,0,0,5,MediumLow,medium,2,0,0,0,1,0,0,0,0,88,high,0,0,0,3
2/24/2014,Monday,1125,1,0,2,3,60,0,1,1,0,0,0,None,none,0,1,0,0,0,1,0,0,0,89,high,1,0,0,2
2/25/2014,Tuesday,927,1,0,1,2,61,0,1,1,0,0,0,None,none,0,1,0,0,0,0,1,0,0,90,medium,1,1,0,2
2/26/2014,Wednesday,1159,1,0,2,3,62,0,1,1,0,0,0,None,none,0,1,0,0,0,0,0,1,0,91,high,1,1,0,2
2/27/2014,Thursday,867,1,0,1,2,63,0,1,1,0,0,0,None,none,0,1,0,0,0,0,0,0,1,92,medium,0,1,0,2
2/28/2014,Friday,1579,1,0,2,3,64,0,1,1,0,0,0,None,none,0,0,1,0,0,0,0,0,0,93,high,0,0,0,3
3/1/2014,Saturday,4121,1,0,3,3,65,0,1,1,0,0,0,None,none,0,0,0,1,0,0,0,0,0,94,high,0,0,0,3
3/2/2014,Sunday,3950,1,0,3,3,66,0,1,1,0,0,2,Low,low,1,0,0,0,1,0,0,0,0,95,high,0,0,0,3
3/3/2014,Monday,862,1,0,1,2,67,0,0,1,0,0,4,MediumLow,medium,2,1,0,0,0,1,0,0,0,96,medium,1,0,0,2
3/4/2014,Tuesday,752,1,0,1,2,68,0,0,1,0,0,3,Low,low,1,1,0,0,0,0,1,0,0,97,medium,1,1,0,2
3/5/2014,Wednesday,284,1,0,1,1,69,0,0,1,0,0,1,Low,low,1,1,0,0,0,0,0,1,0,98,low,1,1,0,2
3/6/2014,Thursday,497,1,0,1,1,70,0,0,1,0,0,5,MediumLow,medium,2,1,0,0,0,0,0,0,1,99,low,0,1,0,2
3/7/2014,Friday,2157,1,0,3,3,71,0,0,1,0,0,4,MediumLow,medium,2,0,1,0,0,0,0,0,0,100,high,0,0,0,3
3/8/2014,Saturday,2464,1,0,3,3,72,0,0,1,0,0,0,None,none,0,0,0,1,0,0,0,0,0,101,high,0,0,0,3
3/9/2014,Sunday,1400,1,0,2,3,73,0,0,1,0,0,1,Low,low,1,0,0,0,1,0,0,0,0,102,high,0,0,0,3
3/10/2014,Monday,556,1,0,1,2,74,0,0,1,0,0,2,Low,low,1,1,0,0,0,1,0,0,0,103,medium,1,0,0,2
3/11/2014,Tuesday,774,1,0,1,2,75,0,0,1,0,0,7,Medium,medium,3,1,0,0,0,0,1,0,0,104,medium,1,1,0,2
3/12/2014,Wednesday,1119,1,0,2,3,76,0,0,1,0,0,0,None,none,0,1,0,0,0,0,0,1,0,105,high,1,1,0,2
3/13/2014,Thursday,763,1,0,1,2,77,0,0,1,0,0,0,None,none,0,1,0,0,0,0,0,0,1,106,medium,0,1,0,2
3/14/2014,Friday,1393,1,0,2,3,78,0,0,1,0,0,2,Low,low,1,0,1,0,0,0,0,0,0,107,high,0,0,0,3
3/15/2014,Saturday,2616,1,0,3,3,79,0,0,1,0,0,2,Low,low,1,0,0,1,0,0,0,0,0,108,high,0,0,0,3
3/16/2014,Sunday,1841,1,0,2,3,80,0,0,1,0,0,2,Low,low,1,0,0,0,1,0,0,0,0,109,high,0,0,0,3
3/17/2014,Monday,1068,1,0,2,3,81,1,0,1,1,0,13,High,high,5,1,0,0,0,1,0,0,0,110,high,1,0,0,2
3/18/2014,Tuesday,997,1,0,1,2,82,1,0,1,1,0,0,None,none,0,1,0,0,0,0,1,0,0,111,medium,1,1,0,2
3/19/2014,Wednesday,627,1,0,1,2,83,1,0,1,1,0,0,None,none,0,1,0,0,0,0,0,1,0,112,medium,1,1,0,2
3/20/2014,Thursday,824,1,0,1,2,84,1,0,1,1,0,3,Low,low,1,1,0,0,0,0,0,0,1,113,medium,0,1,0,2
3/21/2014,Friday,1831,1,0,2,3,85,1,0,1,1,0,2,Low,low,1,0,1,0,0,0,0,0,0,114,high,0,0,0,3
3/22/2014,Saturday,3783,1,0,3,3,86,1,0,1,1,0,0,None,none,0,0,0,1,0,0,0,0,0,115,high,0,0,0,3
3/23/2014,Sunday,3964,1,0,3,3,87,1,0,1,1,0,1,Low,low,1,0,0,0,1,0,0,0,0,116,high,0,0,0,3
3/24/2014,Monday,912,1,0,1,2,88,1,0,1,1,0,0,None,none,0,1,0,0,0,1,0,0,0,117,medium,1,0,0,2
3/25/2014,Tuesday,320,1,0,1,1,89,1,0,1,1,0,0,None,none,0,1,0,0,0,0,1,0,0,118,low,1,1,0,2
3/26/2014,Wednesday,525,1,0,1,2,90,1,0,1,1,0,5,MediumLow,medium,2,1,0,0,0,0,0,1,0,119,medium,1,1,0,2
3/27/2014,Thursday,853,1,0,1,2,91,1,0,1,1,0,3,Low,low,1,1,0,0,0,0,0,0,1,120,medium,0,1,0,2
3/28/2014,Friday,1085,1,0,2,3,92,1,0,1,1,0,4,MediumLow,medium,2,0,1,0,0,0,0,0,0,121,high,0,0,0,3
3/29/2014,Saturday,2959,1,0,3,3,93,1,0,1,1,0,3,Low,low,1,0,0,1,0,0,0,0,0,122,high,0,0,0,3
3/30/2014,Sunday,3121,1,0,3,3,94,1,0,1,1,0,5,MediumLow,medium,2,0,0,0,1,0,0,0,0,123,high,0,0,0,3
3/31/2014,Monday,642,1,0,1,2,95,0,0,0,0,0,1,Low,low,1,1,0,0,0,1,0,0,0,124,medium,1,0,0,2
4/1/2014,Saturday,644,1,0,1,2,96,0,0,0,0,0,0,None,none,0,0,0,1,0,0,0,0,0,125,medium,0,0,0,3
4/2/2014,Sunday,1088,1,0,2,3,97,0,0,0,0,0,0,None,none,0,0,0,0,1,0,0,0,0,126,high,0,0,0,3
4/3/2014,Monday,615,1,0,1,2,98,0,0,0,0,0,0,None,none,0,1,0,0,0,1,0,0,0,127,medium,1,0,0,2
4/4/2014,Tuesday,912,1,0,1,2,99,0,0,0,0,0,5,MediumLow,medium,2,1,0,0,0,0,1,0,0,128,medium,1,1,0,2
4/5/2014,Wednesday,2246,1,0,3,3,100,0,0,0,0,0,1,Low,low,1,1,0,0,0,0,0,1,0,129,high,1,1,0,2
4/6/2014,Thursday,1661,1,0,2,3,101,0,0,0,0,0,3,Low,low,1,1,0,0,0,0,0,0,1,130,high,0,1,0,2
4/7/2014,Friday,951,1,0,1,2,102,0,0,0,0,0,0,None,none,0,0,1,0,0,0,0,0,0,131,medium,0,0,0,3
4/8/2014,Saturday,430,1,0,1,1,103,0,0,0,0,0,1,Low,low,1,0,0,1,0,0,0,0,0,132,low,0,0,0,3
4/9/2014,Sunday,643,1,0,1,2,104,0,0,0,0,0,1,Low,low,1,0,0,0,1,0,0,0,0,133,medium,0,0,0,3
4/10/2014,Monday,885,1,0,1,2,105,0,0,0,0,0,0,None,none,0,1,0,0,0,1,0,0,0,134,medium,1,0,0,2
4/11/2014,Tuesday,952,1,0,1,2,106,0,0,0,0,0,0,None,none,0,1,0,0,0,0,1,0,0,135,medium,1,1,0,2
4/12/2014,Wednesday,2154,1,0,3,3,107,0,0,0,0,0,0,None,none,0,1,0,0,0,0,0,1,0,136,high,1,1,0,2
4/13/2014,Thursday,2558,1,0,3,3,108,0,0,0,0,0,0,None,none,0,1,0,0,0,0,0,0,1,137,high,0,1,0,2
4/14/2014,Friday,665,1,0,1,2,109,0,0,0,0,0,0,None,none,0,0,1,0,0,0,0,0,0,138,medium,0,0,0,3
4/15/2014,Saturday,342,1,0,1,1,110,0,0,0,0,0,0,None,none,0,0,0,1,0,0,0,0,0,139,low,0,0,0,3
4/16/2014,Sunday,321,1,0,1,1,111,0,0,0,0,0,2,Low,low,1,0,0,0,1,0,0,0,0,140,low,0,0,0,3
4/17/2014,Monday,300,1,0,1,1,112,0,0,0,0,0,2,Low,low,1,1,0,0,0,1,0,0,0,141,low,1,0,0,2
4/18/2014,Tuesday,1196,1,0,2,3,113,0,0,0,0,0,3,Low,low,1,1,0,0,0,0,1,0,0,142,high,1,1,0,2
4/19/2014,Wednesday,1634,1,0,2,3,114,0,0,0,0,0,0,None,none,0,1,0,0,0,0,0,1,0,143,high,1,1,0,2
4/20/2014,Thursday,1636,1,0,2,3,115,0,0,0,0,0,3,Low,low,1,1,0,0,0,0,0,0,1,144,high,0,1,0,2
4/26/2014,Saturday,1013,1,0,2,3,116,0,0,0,0,0,1,Low,low,1,0,0,1,0,0,0,0,0,145,high,0,0,0,3
4/27/2014,Sunday,863,1,0,1,2,117,0,0,0,0,0,5,MediumLow,medium,2,0,0,0,1,0,0,0,0,146,medium,0,0,0,3
11/21/2015,Saturday,1285,2,0,2,3,34,0,0,0,0,0,0,None,none,0,0,0,1,0,0,0,0,0,1,high,0,0,0,3
11/22/2015,Sunday,944,2,0,1,2,33,0,0,0,0,0,0,None,none,0,0,0,0,1,0,0,0,0,2,medium,0,0,0,3
11/23/2015,Monday,182,2,0,1,1,32,0,0,0,0,0,0,None,none,0,1,0,0,0,1,0,0,0,3,low,1,0,0,2
11/24/2015,Tuesday,269,2,0,1,1,31,0,0,0,0,0,4,MediumLow,medium,2,1,0,0,0,0,1,0,0,4,low,1,1,0,2
11/25/2015,Wednesday,743,2,0,1,2,30,0,0,0,0,0,2,Low,low,1,1,0,0,0,0,0,1,0,5,medium,1,1,0,2
11/26/2015,Thursday,883,2,0,1,2,29,0,0,0,0,1,0,None,none,0,1,0,0,0,0,0,0,1,6,medium,0,1,0,2
11/27/2015,Friday,2173,2,0,3,3,28,0,0,0,0,1,0,None,none,0,0,1,0,0,0,0,0,0,7,high,0,0,0,3
11/28/2015,Saturday,2394,2,0,3,3,27,0,0,0,0,0,0,None,none,0,0,0,1,0,0,0,0,0,8,high,0,0,0,3
11/29/2015,Sunday,1130,2,0,2,3,26,0,0,0,0,0,0,None,none,0,0,0,0,1,0,0,0,0,9,high,0,0,0,3
11/30/2015,Monday,172,2,0,1,1,25,0,0,0,0,0,0,None,none,0,1,0,0,0,1,0,0,0,10,low,1,0,0,2
12/1/2015,Tuesday,88,2,0,1,1,24,0,0,0,0,0,0,None,none,0,1,0,0,0,0,1,0,0,11,low,1,1,1,2
12/2/2015,Wednesday,194,2,0,1,1,23,0,0,0,0,0,3,Low,low,1,1,0,0,0,0,0,1,0,12,low,1,1,1,2
12/3/2015,Thursday,0,2,0,1,1,22,0,0,0,0,0,3,Low,low,1,1,0,0,0,0,0,0,1,13,low,0,1,1,2
12/4/2015,Friday,567,2,0,1,2,21,0,0,0,0,0,5,MediumLow,medium,2,0,1,0,0,0,0,0,0,14,medium,0,0,1,3
12/5/2015,Saturday,1769,2,0,2,3,20,0,0,0,0,0,1,Low,low,1,0,0,1,0,0,0,0,0,15,high,0,0,1,3
12/6/2015,Sunday,3211,2,0,3,3,19,0,0,0,0,0,17,High,high,5,0,0,0,1,0,0,0,0,16,high,0,0,1,3
12/7/2015,Monday,193,2,0,1,1,18,0,0,0,0,0,6,Medium,medium,3,1,0,0,0,1,0,0,0,17,low,1,0,1,2
12/8/2015,Tuesday,66,2,0,1,1,17,0,0,0,0,0,7,Medium,medium,3,1,0,0,0,0,1,0,0,18,low,1,1,1,2
12/9/2015,Wednesday,101,2,0,1,1,16,0,0,0,0,0,1,Low,low,1,1,0,0,0,0,0,1,0,19,low,1,1,1,2
12/10/2015,Thursday,319,2,0,1,1,15,0,0,0,0,0,5,MediumLow,medium,2,1,0,0,0,0,0,0,1,20,low,0,1,1,2
12/11/2015,Friday,1412,2,0,2,3,14,0,0,0,0,0,7,Medium,medium,3,0,1,0,0,0,0,0,0,21,high,0,0,1,3
12/12/2015,Saturday,3636,2,0,3,3,13,0,0,0,0,0,1,Low,low,1,0,0,1,0,0,0,0,0,22,high,0,0,1,3
12/13/2015,Sunday,5383,2,0,3,3,12,0,0,0,0,0,13,High,high,5,0,0,0,1,0,0,0,0,23,high,0,0,1,3
12/14/2015,Monday,1331,2,0,2,3,11,0,0,0,0,0,5,MediumLow,medium,2,1,0,0,0,1,0,0,0,24,high,1,0,1,2
12/15/2015,Tuesday,931,2,0,1,2,10,0,0,0,0,0,0,None,none,0,1,0,0,0,0,1,0,0,25,medium,1,1,1,2
12/16/2015,Wednesday,880,2,0,1,2,9,0,0,0,0,0,3,Low,low,1,1,0,0,0,0,0,1,0,26,medium,1,1,1,2
12/17/2015,Thursday,1335,2,0,2,3,8,0,0,0,0,0,7,Medium,medium,3,1,0,0,0,0,0,0,1,27,high,0,1,1,2
12/18/2015,Friday,3019,2,0,3,3,7,0,0,0,0,0,17,High,high,5,0,1,0,0,0,0,0,0,28,high,0,0,1,3
12/19/2015,Saturday,5395,2,1,3,3,6,0,0,0,1,0,5,MediumLow,medium,2,0,0,1,0,0,0,0,0,29,high,0,0,1,3
12/20/2015,Sunday,4519,2,1,3,3,5,0,0,0,1,0,7,Medium,medium,3,0,0,0,1,0,0,0,0,30,high,0,0,1,3
12/21/2015,Monday,3203,2,1,3,3,4,0,0,0,1,0,10,MediumHigh,high,4,1,0,0,0,1,0,0,0,31,high,1,0,1,2
12/22/2015,Tuesday,4229,2,1,3,3,3,0,0,0,1,0,21,High,high,5,1,0,0,0,0,1,0,0,32,high,1,1,1,2
12/23/2015,Wednesday,4827,2,1,3,3,2,0,0,0,1,0,17,High,high,5,1,0,0,0,0,0,1,0,33,high,1,1,1,2
12/24/2015,Thursday,4435,2,1,3,3,1,0,0,0,1,0,9,MediumHigh,high,4,1,0,0,0,0,0,0,1,34,high,0,1,1,2
12/25/2015,Friday,3661,2,1,3,3,0,0,0,0,1,0,0,None,none,0,0,1,0,0,0,0,0,0,35,high,0,0,1,3
12/26/2015,Saturday,5658,2,1,3,3,1,0,0,0,1,0,0,None,none,0,0,0,1,0,0,0,0,0,36,high,0,0,1,3
12/27/2015,Sunday,5187,2,1,3,3,2,0,0,0,1,0,1,Low,low,1,0,0,0,1,0,0,0,0,37,high,0,0,1,3
12/28/2015,Monday,5478,2,1,3,3,3,0,0,0,1,0,1,Low,low,1,1,0,0,0,1,0,0,0,38,high,1,0,1,2
12/29/2015,Tuesday,5400,2,1,3,3,4,0,0,0,1,0,0,None,none,0,1,0,0,0,0,1,0,0,39,high,1,1,1,2
12/30/2015,Wednesday,6910,2,1,3,3,5,0,0,0,1,0,0,None,none,0,1,0,0,0,0,0,1,0,40,high,1,1,1,2
12/31/2015,Thursday,5844,2,1,3,3,6,0,0,0,1,0,0,None,none,0,1,0,0,0,0,0,0,1,41,high,0,1,1,2
1/1/2016,Friday,6488,2,1,3,3,7,0,0,0,1,1,0,None,none,0,0,1,0,0,0,0,0,0,42,high,0,0,0,3
1/2/2016,Saturday,7090,2,1,3,3,8,0,0,0,1,0,0,None,none,0,0,0,1,0,0,0,0,0,43,high,0,0,0,3
1/3/2016,Sunday,3264,2,1,3,3,9,0,0,0,1,0,3,Low,low,1,0,0,0,1,0,0,0,0,44,high,0,0,0,3
1/4/2016,Monday,1172,2,1,2,3,10,0,0,0,1,0,9,MediumHigh,high,4,1,0,0,0,1,0,0,0,45,high,1,0,0,2
1/5/2016,Tuesday,999,2,1,1,2,11,0,0,0,1,0,1,Low,low,1,1,0,0,0,0,1,0,0,46,medium,1,1,0,2
1/6/2016,Wednesday,1168,2,1,2,3,12,0,0,0,1,0,1,Low,low,1,1,0,0,0,0,0,1,0,47,high,1,1,0,2
1/7/2016,Thursday,1119,2,1,2,3,13,0,0,0,1,0,0,None,none,0,1,0,0,0,0,0,0,1,48,high,0,1,0,2
1/8/2016,Friday,1911,2,1,2,3,14,0,0,0,1,0,0,None,none,0,0,1,0,0,0,0,0,0,49,high,0,0,0,3
1/9/2016,Saturday,6769,2,1,3,3,15,0,0,0,1,0,0,None,none,0,0,0,1,0,0,0,0,0,50,high,0,0,0,3
1/10/2016,Sunday,3937,2,1,3,3,16,0,0,0,1,0,0,None,none,0,0,0,0,1,0,0,0,0,51,high,0,0,0,3
1/11/2016,Monday,643,2,0,1,2,17,0,0,0,0,0,0,None,none,0,1,0,0,0,1,0,0,0,52,medium,1,0,0,2
1/12/2016,Tuesday,568,2,0,1,2,18,0,0,0,0,0,7,Medium,medium,3,1,0,0,0,0,1,0,0,53,medium,1,1,0,2
1/13/2016,Wednesday,1542,2,0,2,3,19,0,0,0,0,0,8,MediumHigh,high,4,1,0,0,0,0,0,1,0,54,high,1,1,0,2
1/14/2016,Thursday,1288,2,0,2,3,20,0,0,0,0,0,6,Medium,medium,3,1,0,0,0,0,0,0,1,55,high,0,1,0,2
1/15/2016,Friday,2549,2,0,3,3,21,0,0,0,0,0,0,None,none,0,0,1,0,0,0,0,0,0,56,high,0,0,0,3
1/16/2016,Saturday,7140,2,0,3,3,22,0,0,0,0,0,5,MediumLow,medium,2,0,0,1,0,0,0,0,0,57,high,0,0,0,3
1/17/2016,Sunday,5257,2,0,3,3,23,0,0,0,0,0,5,MediumLow,medium,2,0,0,0,1,0,0,0,0,58,high,0,0,0,3
1/18/2016,Monday,6106,2,0,3,3,24,0,0,0,0,1,0,None,none,0,1,0,0,0,1,0,0,0,59,high,1,0,0,2
1/19/2016,Tuesday,760,2,0,1,2,25,0,0,0,0,0,1,Low,low,1,1,0,0,0,0,1,0,0,60,medium,1,1,0,2
1/20/2016,Wednesday,1094,2,0,2,3,26,0,0,0,0,0,8,MediumHigh,high,4,1,0,0,0,0,0,1,0,61,high,1,1,0,2
1/21/2016,Thursday,190,2,0,1,1,27,0,0,0,0,0,10,MediumHigh,high,4,1,0,0,0,0,0,0,1,62,low,0,1,0,2
1/22/2016,Friday,1575,2,0,2,3,28,0,0,0,0,0,2,Low,low,1,0,1,0,0,0,0,0,0,63,high,0,0,0,3
1/23/2016,Saturday,6201,2,0,3,3,29,0,0,0,0,0,1,Low,low,1,0,0,1,0,0,0,0,0,64,high,0,0,0,3
1/24/2016,Sunday,5515,2,0,3,3,30,0,0,0,0,0,4,MediumLow,medium,2,0,0,0,1,0,0,0,0,65,high,0,0,0,3
1/25/2016,Monday,1390,2,0,2,3,31,0,0,0,0,0,0,None,none,0,1,0,0,0,1,0,0,0,66,high,1,0,0,2
1/26/2016,Tuesday,308,2,0,1,1,32,0,0,0,0,0,0,None,none,0,1,0,0,0,0,1,0,0,67,low,1,1,0,2
1/27/2016,Wednesday,243,2,0,1,1,33,0,0,0,0,0,0,None,none,0,1,0,0,0,0,0,1,0,68,low,1,1,0,2
1/28/2016,Thursday,149,2,0,1,1,34,0,0,0,0,0,0,None,none,0,1,0,0,0,0,0,0,1,69,low,0,1,0,2
1/29/2016,Friday,1878,2,0,2,3,35,0,0,0,0,0,3,Low,low,1,0,1,0,0,0,0,0,0,70,high,0,0,0,3
1/30/2016,Saturday,6882,2,0,3,3,36,0,0,0,0,0,9,MediumHigh,high,4,0,0,1,0,0,0,0,0,71,high,0,0,0,3
1/31/2016,Sunday,5683,2,0,3,3,37,0,0,0,0,0,0,None,none,0,0,0,0,1,0,0,0,0,72,high,0,0,0,3
2/1/2016,Monday,971,2,0,1,2,38,0,0,0,0,0,0,None,none,0,1,0,0,0,1,0,0,0,73,medium,1,0,0,2
2/2/2016,Tuesday,905,2,0,1,2,39,0,0,0,0,0,0,None,none,0,1,0,0,0,0,1,0,0,74,medium,1,1,0,2
2/3/2016,Wednesday,700,2,0,1,2,40,0,0,0,0,0,0,None,none,0,1,0,0,0,0,0,1,0,75,medium,1,1,0,2
2/4/2016,Thursday,1673,2,0,2,3,41,0,0,0,0,0,12,High,high,5,1,0,0,0,0,0,0,1,76,high,0,1,0,2
2/5/2016,Friday,1587,2,0,2,3,42,0,0,0,0,0,0,None,none,0,0,1,0,0,0,0,0,0,77,high,0,0,0,3
2/6/2016,Saturday,5923,2,0,3,3,43,0,0,0,0,0,6,Medium,medium,3,0,0,1,0,0,0,0,0,78,high,0,0,0,3
2/7/2016,Sunday,5261,2,0,3,3,44,0,0,0,0,0,0,None,none,0,0,0,0,1,0,0,0,0,79,high,0,0,0,3
2/8/2016,Monday,1107,2,0,2,3,45,0,0,0,0,0,0,None,none,0,1,0,0,0,1,0,0,0,80,high,1,0,0,2
2/9/2016,Tuesday,939,2,0,1,2,46,0,0,0,0,0,0,None,none,0,1,0,0,0,0,1,0,0,81,medium,1,1,0,2
2/10/2016,Wednesday,754,2,0,1,2,47,0,0,0,0,0,0,None,none,0,1,0,0,0,0,0,1,0,82,medium,1,1,0,2
2/11/2016,Thursday,607,2,0,1,2,48,0,0,0,0,0,0,None,none,0,1,0,0,0,0,0,0,1,83,medium,0,1,0,2
2/12/2016,Friday,1167,2,0,2,3,49,0,0,0,0,0,0,None,none,0,0,1,0,0,0,0,0,0,84,high,0,0,0,3
2/13/2016,Saturday,4494,2,0,3,3,50,0,0,0,0,0,4,MediumLow,medium,2,0,0,1,0,0,0,0,0,85,high,0,0,0,3
2/14/2016,Sunday,2128,2,0,3,3,51,0,0,0,0,0,4,MediumLow,medium,2,0,0,0,1,0,0,0,0,86,high,0,0,0,3
2/15/2016,Monday,1653,2,0,2,3,52,0,0,0,0,1,3,Low,low,1,1,0,0,0,1,0,0,0,87,high,1,0,0,2
2/16/2016,Tuesday,1365,2,0,2,3,53,0,0,0,0,0,3,Low,low,1,1,0,0,0,0,1,0,0,88,high,1,1,0,2
2/17/2016,Wednesday,842,2,0,1,2,54,0,0,0,0,0,0,None,none,0,1,0,0,0,0,0,1,0,89,medium,1,1,0,2
2/18/2016,Thursday,1744,2,0,2,3,55,0,0,0,0,0,5,MediumLow,medium,2,1,0,0,0,0,0,0,1,90,high,0,1,0,2
2/19/2016,Friday,2596,2,0,3,3,56,0,0,0,0,0,3,Low,low,1,0,1,0,0,0,0,0,0,91,high,0,0,0,3
2/20/2016,Saturday,7332,2,0,3,3,57,0,1,1,0,0,10,MediumHigh,high,4,0,0,1,0,0,0,0,0,92,high,0,0,0,3
2/21/2016,Sunday,3850,2,0,3,3,58,0,1,1,0,0,0,None,none,0,0,0,0,1,0,0,0,0,93,high,0,0,0,3
2/22/2016,Monday,987,2,0,1,2,59,0,1,1,0,0,1,Low,low,1,1,0,0,0,1,0,0,0,94,medium,1,0,0,2
2/23/2016,Tuesday,1083,2,0,2,3,60,0,1,1,0,0,1,Low,low,1,1,0,0,0,0,1,0,0,95,high,1,1,0,2
2/24/2016,Wednesday,855,2,0,1,2,61,0,1,1,0,0,0,None,none,0,1,0,0,0,0,0,1,0,96,medium,1,1,0,2
2/25/2016,Thursday,1072,2,0,2,3,62,0,1,1,0,0,0,None,none,0,1,0,0,0,0,0,0,1,97,high,0,1,0,2
2/26/2016,Friday,1130,2,0,2,3,63,0,1,1,0,0,0,None,none,0,0,1,0,0,0,0,0,0,98,high,0,0,0,3
2/27/2016,Saturday,3241,2,0,3,3,64,0,1,1,0,0,0,None,none,0,0,0,1,0,0,0,0,0,99,high,0,0,0,3
2/28/2016,Sunday,2178,2,0,3,3,65,0,1,1,0,0,0,None,none,0,0,0,0,1,0,0,0,0,100,high,0,0,0,3
2/29/2016,Monday,998,2,0,1,2,66,0,0,1,0,0,8,MediumHigh,high,4,1,0,0,0,1,0,0,0,101,medium,1,0,0,2
3/1/2016,Tuesday,123,2,0,1,1,67,0,0,1,0,0,4,MediumLow,medium,2,1,0,0,0,0,1,0,0,102,low,1,1,0,2
3/2/2016,Wednesday,745,2,0,1,2,68,0,0,1,0,0,2,Low,low,1,1,0,0,0,0,0,1,0,103,medium,1,1,0,2
3/3/2016,Thursday,1004,2,0,2,3,69,0,0,1,0,0,0,None,none,0,1,0,0,0,0,0,0,1,104,high,0,1,0,2
3/4/2016,Friday,1449,2,0,2,3,70,0,0,1,0,0,0,None,none,0,0,1,0,0,0,0,0,0,105,high,0,0,0,3
3/5/2016,Saturday,3488,2,0,3,3,71,0,0,1,0,0,2,Low,low,1,0,0,1,0,0,0,0,0,106,high,0,0,0,3
3/6/2016,Sunday,3162,2,0,3,3,72,0,0,1,0,0,3,Low,low,1,0,0,0,1,0,0,0,0,107,high,0,0,0,3
3/7/2016,Monday,636,2,0,1,2,73,0,0,1,0,0,0,None,none,0,1,0,0,0,1,0,0,0,108,medium,1,0,0,2
3/8/2016,Tuesday,684,2,0,1,2,74,0,0,1,0,0,3,Low,low,1,1,0,0,0,0,1,0,0,109,medium,1,1,0,2
3/9/2016,Wednesday,577,2,0,1,2,75,0,0,1,0,0,1,Low,low,1,1,0,0,0,0,0,1,0,110,medium,1,1,0,2
3/10/2016,Thursday,931,2,0,1,2,76,0,0,1,0,0,12,High,high,5,1,0,0,0,0,0,0,1,111,medium,0,1,0,2
3/11/2016,Friday,1642,2,0,2,3,77,0,0,1,0,0,2,Low,low,1,0,1,0,0,0,0,0,0,112,high,0,0,0,3
3/12/2016,Saturday,3775,2,0,3,3,78,0,0,1,0,0,3,Low,low,1,0,0,1,0,0,0,0,0,113,high,0,0,0,3
3/13/2016,Sunday,3184,2,0,3,3,79,0,0,1,0,0,11,High,high,5,0,0,0,1,0,0,0,0,114,high,0,0,0,3
3/14/2016,Monday,1385,2,0,2,3,80,1,0,1,1,0,12,High,high,5,1,0,0,0,1,0,0,0,115,high,1,0,0,2
3/15/2016,Tuesday,1360,2,0,2,3,81,1,0,1,1,0,7,Medium,medium,3,1,0,0,0,0,1,0,0,116,high,1,1,0,2
3/16/2016,Wednesday,1169,2,0,2,3,82,1,0,1,1,0,1,Low,low,1,1,0,0,0,0,0,1,0,117,high,1,1,0,2
3/17/2016,Thursday,1605,2,0,2,3,83,1,0,1,1,0,0,None,none,0,1,0,0,0,0,0,0,1,118,high,0,1,0,2
3/18/2016,Friday,1650,2,0,2,3,84,1,0,1,1,0,0,None,none,0,0,1,0,0,0,0,0,0,119,high,0,0,0,3
3/19/2016,Saturday,3152,2,0,3,3,85,1,0,1,1,0,0,None,none,0,0,0,1,0,0,0,0,0,120,high,0,0,0,3
3/20/2016,Sunday,1488,2,0,2,3,86,1,0,1,1,0,0,None,none,0,0,0,0,1,0,0,0,0,121,high,0,0,0,3
3/21/2016,Monday,668,2,0,1,2,87,1,0,1,1,0,0,None,none,0,1,0,0,0,1,0,0,0,122,medium,1,0,0,2
3/22/2016,Tuesday,705,2,0,1,2,88,1,0,1,1,0,0,None,none,0,1,0,0,0,0,1,0,0,123,medium,1,1,0,2
3/23/2016,Wednesday,715,2,0,1,2,89,1,0,1,1,0,1,Low,low,1,1,0,0,0,0,0,1,0,124,medium,1,1,0,2
3/24/2016,Thursday,950,2,0,1,2,90,1,0,1,1,0,3,Low,low,1,1,0,0,0,0,0,0,1,125,medium,0,1,0,2
3/25/2016,Friday,1951,2,0,2,3,91,1,0,1,1,0,4,MediumLow,medium,2,0,1,0,0,0,0,0,0,126,high,0,0,0,3
3/26/2016,Saturday,3789,2,0,3,3,92,1,0,1,1,0,0,None,none,0,0,0,1,0,0,0,0,0,127,high,0,0,0,3
3/27/2016,Sunday,1969,2,0,2,3,93,1,0,1,1,0,3,Low,low,1,0,0,0,1,0,0,0,0,128,high,0,0,0,3
3/28/2016,Monday,533,2,0,1,2,94,0,0,0,0,0,1,Low,low,1,1,0,0,0,1,0,0,0,129,medium,1,0,0,2
3/29/2016,Tuesday,2770,2,0,3,3,95,0,0,0,0,0,2,Low,low,1,1,0,0,0,0,1,0,0,130,high,1,1,0,2
3/30/2016,Wednesday,840,2,0,1,2,96,0,0,0,0,0,0,None,none,0,1,0,0,0,0,0,1,0,131,medium,1,1,0,2
3/31/2016,Thursday,778,2,0,1,2,97,0,0,0,0,0,0,None,none,0,1,0,0,0,0,0,0,1,132,medium,0,1,0,2
4/1/2016,Friday,1093,2,0,2,3,98,0,0,0,0,0,0,None,none,0,0,1,0,0,0,0,0,0,133,high,0,0,0,3
4/2/2016,Saturday,2372,2,0,3,3,99,0,0,0,0,0,0,None,none,0,0,0,1,0,0,0,0,0,134,high,0,0,0,3
4/3/2016,Sunday,2074,2,0,3,3,100,0,0,0,0,0,0,None,none,0,0,0,0,1,0,0,0,0,135,high,0,0,0,3
4/4/2016,Monday,355,2,0,1,1,101,0,0,0,0,0,0,None,none,0,1,0,0,0,1,0,0,0,136,low,1,0,0,2
4/5/2016,Tuesday,568,2,0,1,2,102,0,0,0,0,0,3,Low,low,1,1,0,0,0,0,1,0,0,137,medium,1,1,0,2
4/6/2016,Wednesday,744,2,0,1,2,103,0,0,0,0,0,0,None,none,0,1,0,0,0,0,0,1,0,138,medium,1,1,0,2
4/7/2016,Thursday,956,2,0,1,2,104,0,0,0,0,0,0,None,none,0,1,0,0,0,0,0,0,1,139,medium,0,1,0,2
4/8/2016,Friday,860,2,0,1,2,105,0,0,0,0,0,0,None,none,0,0,1,0,0,0,0,0,0,140,medium,0,0,0,3
4/9/2016,Saturday,2484,2,0,3,3,106,0,0,0,0,0,0,None,none,0,0,0,1,0,0,0,0,0,141,high,0,0,0,3
4/10/2016,Sunday,1603,2,0,2,3,107,0,0,0,0,0,0,None,none,0,0,0,0,1,0,0,0,0,142,high,0,0,0,3
4/11/2016,Monday,407,2,0,1,1,108,0,0,0,0,0,0,None,none,0,1,0,0,0,1,0,0,0,143,low,1,0,0,2
4/12/2016,Tuesday,237,2,0,1,1,109,0,0,0,0,0,0,None,none,0,1,0,0,0,0,1,0,0,144,low,1,1,0,2
4/13/2016,Wednesday,316,2,0,1,1,110,0,0,0,0,0,2,Low,low,1,1,0,0,0,0,0,1,0,145,low,1,1,0,2
4/14/2016,Thursday,398,2,0,1,1,111,0,0,0,0,0,3,Low,low,1,1,0,0,0,0,0,0,1,146,low,0,1,0,2
4/15/2016,Friday,596,2,0,1,2,112,0,0,0,0,0,3,Low,low,1,0,1,0,0,0,0,0,0,147,medium,0,0,0,3
4/16/2016,Saturday,1910,2,0,2,3,113,0,0,0,0,0,0,None,none,0,0,0,1,0,0,0,0,0,148,high,0,0,0,3
4/17/2016,Sunday,1918,2,0,2,3,114,0,0,0,0,0,0,None,none,0,0,0,0,1,0,0,0,0,149,high,0,0,0,3
11/25/2016,Friday,2463,3,0,3,3,30,0,0,0,0,0,11,High,high,5,0,1,0,0,0,0,0,0,1,high,0,0,0,3
11/26/2016,Saturday,2795,3,0,3,3,29,0,0,0,0,0,5,MediumLow,medium,2,0,0,1,0,0,0,0,0,2,high,0,0,0,3
11/27/2016,Sunday,1845,3,0,2,3,28,0,0,0,0,0,1,Low,low,1,0,0,0,1,0,0,0,0,3,high,0,0,0,3
11/28/2016,Monday,650,3,0,1,2,27,0,0,0,0,0,7,Medium,medium,3,1,0,0,0,1,0,0,0,4,medium,1,0,0,2
11/29/2016,Tuesday,461,3,0,1,1,26,0,0,0,0,0,0,None,none,0,1,0,0,0,0,1,0,0,5,low,1,1,0,2
11/30/2016,Wednesday,454,3,0,1,1,25,0,0,0,0,0,1,Low,low,1,1,0,0,0,0,0,1,0,6,low,1,1,0,2
12/1/2016,Thursday,626,3,0,1,2,24,0,0,0,0,0,6,Medium,medium,3,1,0,0,0,0,0,0,1,7,medium,0,1,1,2
12/2/2016,Friday,697,3,0,1,2,23,0,0,0,0,0,2,Low,low,1,0,1,0,0,0,0,0,0,8,medium,0,0,1,3
12/3/2016,Saturday,3618,3,0,3,3,22,0,0,0,0,0,2,Low,low,1,0,0,1,0,0,0,0,0,9,high,0,0,1,3
12/4/2016,Sunday,4574,3,0,3,3,21,0,0,0,0,0,19,High,high,5,0,0,0,1,0,0,0,0,10,high,0,0,1,3
12/5/2016,Monday,1313,3,0,2,3,20,0,0,0,0,0,4,MediumLow,medium,2,1,0,0,0,1,0,0,0,11,high,1,0,1,2
12/6/2016,Tuesday,951,3,0,1,2,19,0,0,0,0,0,3,Low,low,1,1,0,0,0,0,1,0,0,12,medium,1,1,1,2
12/7/2016,Wednesday,712,3,0,1,2,18,0,0,0,0,0,0,None,none,0,1,0,0,0,0,0,1,0,13,medium,1,1,1,2
12/8/2016,Thursday,416,3,0,1,1,17,0,0,0,0,0,0,None,none,0,1,0,0,0,0,0,0,1,14,low,0,1,1,2
12/9/2016,Friday,1982,3,0,2,3,16,0,0,0,0,0,6,Medium,medium,3,0,1,0,0,0,0,0,0,15,high,0,0,1,3
12/10/2016,Saturday,5745,3,0,3,3,15,0,0,0,0,0,10,MediumHigh,high,4,0,0,1,0,0,0,0,0,16,high,0,0,1,3
12/11/2016,Sunday,4599,3,0,3,3,14,0,0,0,0,0,3,Low,low,1,0,0,0,1,0,0,0,0,17,high,0,0,1,3
12/12/2016,Monday,831,3,0,1,2,13,0,0,0,0,0,3,Low,low,1,1,0,0,0,1,0,0,0,18,medium,1,0,1,2
12/13/2016,Tuesday,1038,3,0,2,3,12,0,0,0,0,0,0,None,none,0,1,0,0,0,0,1,0,0,19,high,1,1,1,2
12/14/2016,Wednesday,965,3,0,1,2,11,0,0,0,0,0,0,None,none,0,1,0,0,0,0,0,1,0,20,medium,1,1,1,2
12/15/2016,Thursday,859,3,0,1,2,10,0,0,0,0,0,2,Low,low,1,1,0,0,0,0,0,0,1,21,medium,0,1,1,2
12/16/2016,Friday,1283,3,0,2,3,9,0,0,0,0,0,0,None,none,0,0,1,0,0,0,0,0,0,22,high,0,0,1,3
12/17/2016,Saturday,3697,3,1,3,3,8,0,0,0,1,0,0,None,none,0,0,0,1,0,0,0,0,0,23,high,0,0,1,3
12/18/2016,Sunday,4016,3,1,3,3,7,0,0,0,1,0,0,None,none,0,0,0,0,1,0,0,0,0,24,high,0,0,1,3
12/19/2016,Monday,2031,3,1,3,3,6,0,0,0,1,0,4,MediumLow,medium,2,1,0,0,0,1,0,0,0,25,high,1,0,1,2
12/20/2016,Tuesday,2385,3,1,3,3,5,0,0,0,1,0,6,Medium,medium,3,1,0,0,0,0,1,0,0,26,high,1,1,1,2
12/21/2016,Wednesday,4244,3,1,3,3,4,0,0,0,1,0,1,Low,low,1,1,0,0,0,0,0,1,0,27,high,1,1,1,2
12/22/2016,Thursday,2911,3,1,3,3,3,0,0,0,1,0,0,None,none,0,1,0,0,0,0,0,0,1,28,high,0,1,1,2
12/23/2016,Friday,4516,3,1,3,3,2,0,0,0,1,0,3,Low,low,1,0,1,0,0,0,0,0,0,29,high,0,0,1,3
12/24/2016,Saturday,2489,3,1,3,3,1,0,0,0,1,0,3,Low,low,1,0,0,1,0,0,0,0,0,30,high,0,0,1,3
12/25/2016,Sunday,3293,3,1,3,3,0,0,0,0,1,0,0,None,none,0,0,0,0,1,0,0,0,0,31,high,0,0,1,3
12/26/2016,Monday,5608,3,1,3,3,1,0,0,0,1,0,0,None,none,0,1,0,0,0,1,0,0,0,32,high,1,0,1,2
12/27/2016,Tuesday,4800,3,1,3,3,2,0,0,0,1,0,5,MediumLow,medium,2,1,0,0,0,0,1,0,0,33,high,1,1,1,2
12/28/2016,Wednesday,6983,3,1,3,3,3,0,0,0,1,0,13,High,high,5,1,0,0,0,0,0,1,0,34,high,1,1,1,2
12/29/2016,Thursday,5218,3,1,3,3,4,0,0,0,1,0,0,None,none,0,1,0,0,0,0,0,0,1,35,high,0,1,1,2
12/30/2016,Friday,6980,3,1,3,3,5,0,0,0,1,0,3,Low,low,1,0,1,0,0,0,0,0,0,36,high,0,0,1,3
12/31/2016,Saturday,4235,3,1,3,3,6,0,0,0,1,0,0,None,none,0,0,0,1,0,0,0,0,0,37,high,0,0,1,3
1/1/2017,Sunday,4195,3,1,3,3,7,0,0,0,1,1,9,MediumHigh,high,4,0,0,0,1,0,0,0,0,38,high,0,0,0,3
1/2/2017,Monday,4523,3,1,3,3,8,0,0,0,1,0,6,Medium,medium,3,1,0,0,0,1,0,0,0,39,high,1,0,0,2
1/3/2017,Tuesday,1051,3,1,2,3,9,0,0,0,1,0,0,None,none,0,1,0,0,0,0,1,0,0,40,high,1,1,0,2
1/4/2017,Wednesday,723,3,1,1,2,10,0,0,0,1,0,0,None,none,0,1,0,0,0,0,0,1,0,41,medium,1,1,0,2
1/5/2017,Thursday,1066,3,1,2,3,11,0,0,0,1,0,0,None,none,0,1,0,0,0,0,0,0,1,42,high,0,1,0,2
1/6/2017,Friday,1401,3,1,2,3,12,0,0,0,1,0,0,None,none,0,0,1,0,0,0,0,0,0,43,high,0,0,0,3
1/7/2017,Saturday,3652,3,1,3,3,13,0,0,0,1,0,0,None,none,0,0,0,1,0,0,0,0,0,44,high,0,0,0,3
1/8/2017,Sunday,4572,3,1,3,3,14,0,0,0,1,0,2,Low,low,1,0,0,0,1,0,0,0,0,45,high,0,0,0,3
1/9/2017,Monday,1031,3,0,2,3,15,0,0,0,0,0,4,MediumLow,medium,2,1,0,0,0,1,0,0,0,46,high,1,0,0,2
1/10/2017,Tuesday,932,3,0,1,2,16,0,0,0,0,0,3,Low,low,1,1,0,0,0,0,1,0,0,47,medium,1,1,0,2
1/11/2017,Wednesday,1542,3,0,2,3,17,0,0,0,0,0,3,Low,low,1,1,0,0,0,0,0,1,0,48,high,1,1,0,2
1/12/2017,Thursday,1383,3,0,2,3,18,0,0,0,0,0,4,MediumLow,medium,2,1,0,0,0,0,0,0,1,49,high,0,1,0,2
1/13/2017,Friday,2363,3,0,3,3,19,0,0,0,0,0,3,Low,low,1,0,1,0,0,0,0,0,0,50,high,0,0,0,3
1/14/2017,Saturday,5161,3,0,3,3,20,0,0,0,0,0,0,None,none,0,0,0,1,0,0,0,0,0,51,high,0,0,0,3
1/15/2017,Sunday,7197,3,0,3,3,21,0,0,0,0,0,0,None,none,0,0,0,0,1,0,0,0,0,52,high,0,0,0,3
1/16/2017,Monday,4251,3,0,3,3,22,0,0,0,0,1,0,None,none,0,1,0,0,0,1,0,0,0,53,high,1,0,0,2
1/17/2017,Tuesday,164,3,0,1,1,23,0,0,0,0,0,0,None,none,0,1,0,0,0,0,1,0,0,54,low,1,1,0,2
1/18/2017,Wednesday,160,3,0,1,1,24,0,0,0,0,0,2,Low,low,1,1,0,0,0,0,0,1,0,55,low,1,1,0,2
1/19/2017,Thursday,714,3,0,1,2,25,0,0,0,0,0,2,Low,low,1,1,0,0,0,0,0,0,1,56,medium,0,1,0,2
1/20/2017,Friday,1811,3,0,2,3,26,0,0,0,0,0,3,Low,low,1,0,1,0,0,0,0,0,0,57,high,0,0,0,3
1/21/2017,Saturday,5126,3,0,3,3,27,0,0,0,0,0,0,None,none,0,0,0,1,0,0,0,0,0,58,high,0,0,0,3
1/22/2017,Sunday,4422,3,0,3,3,28,0,0,0,0,0,5,MediumLow,medium,2,0,0,0,1,0,0,0,0,59,high,0,0,0,3
1/23/2017,Monday,1139,3,0,2,3,29,0,0,0,0,0,2,Low,low,1,1,0,0,0,1,0,0,0,60,high,1,0,0,2
1/24/2017,Tuesday,996,3,0,1,2,30,0,0,0,0,0,0,None,none,0,1,0,0,0,0,1,0,0,61,medium,1,1,0,2
1/25/2017,Wednesday,991,3,0,1,2,31,0,0,0,0,0,0,None,none,0,1,0,0,0,0,0,1,0,62,medium,1,1,0,2
1/26/2017,Thursday,1095,3,0,2,3,32,0,0,0,0,0,0,None,none,0,1,0,0,0,0,0,0,1,63,high,0,1,0,2
1/27/2017,Friday,2546,3,0,3,3,33,0,0,0,0,0,0,None,none,0,0,1,0,0,0,0,0,0,64,high,0,0,0,3
1/28/2017,Saturday,6260,3,0,3,3,34,0,0,0,0,0,0,None,none,0,0,0,1,0,0,0,0,0,65,high,0,0,0,3
1/29/2017,Sunday,4525,3,0,3,3,35,0,0,0,0,0,0,None,none,0,0,0,0,1,0,0,0,0,66,high,0,0,0,3
1/30/2017,Monday,1186,3,0,2,3,36,0,0,0,0,0,0,None,none,0,1,0,0,0,1,0,0,0,67,high,1,0,0,2
1/31/2017,Tuesday,710,3,0,1,2,37,0,0,0,0,0,3,Low,low,1,1,0,0,0,0,1,0,0,68,medium,1,1,0,2
2/1/2017,Wednesday,1261,3,0,2,3,38,0,0,0,0,0,1,Low,low,1,1,0,0,0,0,0,1,0,69,high,1,1,0,2
2/2/2017,Thursday,674,3,0,1,2,39,0,0,0,0,0,0,None,none,0,1,0,0,0,0,0,0,1,70,medium,0,1,0,2
2/3/2017,Friday,2020,3,0,3,3,40,0,0,0,0,0,0,None,none,0,0,1,0,0,0,0,0,0,71,high,0,0,0,3
2/4/2017,Saturday,6437,3,0,3,3,41,0,0,0,0,0,9,MediumHigh,high,4,0,0,1,0,0,0,0,0,72,high,0,0,0,3
2/5/2017,Sunday,6190,3,0,3,3,42,0,0,0,0,0,11,High,high,5,0,0,0,1,0,0,0,0,73,high,0,0,0,3
2/6/2017,Monday,2387,3,0,3,3,43,0,0,0,0,0,19,High,high,5,1,0,0,0,1,0,0,0,74,high,1,0,0,2
2/7/2017,Tuesday,1940,3,0,2,3,44,0,0,0,0,0,6,Medium,medium,3,1,0,0,0,0,1,0,0,75,high,1,1,0,2
2/8/2017,Wednesday,1287,3,0,2,3,45,0,0,0,0,0,0,None,none,0,1,0,0,0,0,0,1,0,76,high,1,1,0,2
2/9/2017,Thursday,496,3,0,1,1,46,0,0,0,0,0,5,MediumLow,medium,2,1,0,0,0,0,0,0,1,77,low,0,1,0,2
2/10/2017,Friday,1305,3,0,2,3,47,0,0,0,0,0,2,Low,low,1,0,1,0,0,0,0,0,0,78,high,0,0,0,3
2/11/2017,Saturday,4948,3,0,3,3,48,0,0,0,0,0,2,Low,low,1,0,0,1,0,0,0,0,0,79,high,0,0,0,3
2/12/2017,Sunday,5441,3,0,3,3,49,0,0,0,0,0,0,None,none,0,0,0,0,1,0,0,0,0,80,high,0,0,0,3
2/13/2017,Monday,1076,3,0,2,3,50,0,0,0,0,0,0,None,none,0,1,0,0,0,1,0,0,0,81,high,1,0,0,2
2/14/2017,Tuesday,956,3,0,1,2,51,0,0,0,0,0,0,None,none,0,1,0,0,0,0,1,0,0,82,medium,1,1,0,2
2/15/2017,Wednesday,168,3,0,1,1,52,0,0,0,0,0,0,None,none,0,1,0,0,0,0,0,1,0,83,low,1,1,0,2
2/16/2017,Thursday,803,3,0,1,2,53,0,0,0,0,0,1,Low,low,1,1,0,0,0,0,0,0,1,84,medium,0,1,0,2
2/17/2017,Friday,2360,3,0,3,3,54,0,0,0,0,0,3,Low,low,1,0,1,0,0,0,0,0,0,85,high,0,0,0,3
2/18/2017,Saturday,4536,3,0,3,3,55,0,1,1,0,0,0,None,none,0,0,0,1,0,0,0,0,0,86,high,0,0,0,3
2/19/2017,Sunday,5042,3,0,3,3,56,0,1,1,0,0,4,MediumLow,medium,2,0,0,0,1,0,0,0,0,87,high,0,0,0,3
2/20/2017,Monday,3993,3,0,3,3,57,0,1,1,0,1,7,Medium,medium,3,1,0,0,0,1,0,0,0,88,high,1,0,0,2
2/21/2017,Tuesday,2451,3,0,3,3,58,0,1,1,0,0,5,MediumLow,medium,2,1,0,0,0,0,1,0,0,89,high,1,1,0,2
2/22/2017,Wednesday,2232,3,0,3,3,59,0,1,1,0,0,6,Medium,medium,3,1,0,0,0,0,0,1,0,90,high,1,1,0,2
2/23/2017,Thursday,2300,3,0,3,3,60,0,1,1,0,0,0,None,none,0,1,0,0,0,0,0,0,1,91,high,0,1,0,2
2/24/2017,Friday,2842,3,0,3,3,61,0,1,1,0,0,0,None,none,0,0,1,0,0,0,0,0,0,92,high,0,0,0,3
2/25/2017,Saturday,5675,3,0,3,3,62,0,1,1,0,0,3,Low,low,1,0,0,1,0,0,0,0,0,93,high,0,0,0,3
2/26/2017,Sunday,3901,3,0,3,3,63,0,1,1,0,0,0,None,none,0,0,0,0,1,0,0,0,0,94,high,0,0,0,3
2/27/2017,Monday,925,3,0,1,2,64,0,0,1,0,0,4,MediumLow,medium,2,1,0,0,0,1,0,0,0,95,medium,1,0,0,2
2/28/2017,Tuesday,1087,3,0,2,3,65,0,0,1,0,0,15,High,high,5,1,0,0,0,0,1,0,0,96,high,1,1,0,2
3/1/2017,Wednesday,1329,3,0,2,3,66,0,0,1,0,0,1,Low,low,1,1,0,0,0,0,0,1,0,97,high,1,1,0,2
3/2/2017,Thursday,1233,3,0,2,3,67,0,0,1,0,0,0,None,none,0,1,0,0,0,0,0,0,1,98,high,0,1,0,2
3/3/2017,Friday,1812,3,0,2,3,68,0,0,1,0,0,1,Low,low,1,0,1,0,0,0,0,0,0,99,high,0,0,0,3
3/4/2017,Saturday,7046,3,0,3,3,69,0,0,1,0,0,4,MediumLow,medium,2,0,0,1,0,0,0,0,0,100,high,0,0,0,3
3/5/2017,Sunday,5205,3,0,3,3,70,0,0,1,0,0,7,Medium,medium,3,0,0,0,1,0,0,0,0,101,high,0,0,0,3
3/6/2017,Monday,1142,3,0,2,3,71,0,0,1,0,0,5,MediumLow,medium,2,1,0,0,0,1,0,0,0,102,high,1,0,0,2
3/7/2017,Tuesday,996,3,0,1,2,72,0,0,1,0,0,4,MediumLow,medium,2,1,0,0,0,0,1,0,0,103,medium,1,1,0,2
3/8/2017,Wednesday,1626,3,0,2,3,73,0,0,1,0,0,9,MediumHigh,high,4,1,0,0,0,0,0,1,0,104,high,1,1,0,2
3/9/2017,Thursday,1166,3,0,2,3,74,0,0,1,0,0,8,MediumHigh,high,4,1,0,0,0,0,0,0,1,105,high,0,1,0,2
3/10/2017,Friday,2502,3,0,3,3,75,0,0,1,0,0,4,MediumLow,medium,2,0,1,0,0,0,0,0,0,106,high,0,0,0,3
3/11/2017,Saturday,3230,3,0,3,3,76,0,0,1,0,0,0,None,none,0,0,0,1,0,0,0,0,0,107,high,0,0,0,3
3/12/2017,Sunday,3038,3,0,3,3,77,0,0,1,0,0,0,None,none,0,0,0,0,1,0,0,0,0,108,high,0,0,0,3
3/13/2017,Monday,240,3,0,1,1,78,1,0,1,1,0,0,None,none,0,1,0,0,0,1,0,0,0,109,low,1,0,0,2
3/14/2017,Tuesday,154,3,0,1,1,79,1,0,1,1,0,0,None,none,0,1,0,0,0,0,1,0,0,110,low,1,1,0,2
3/15/2017,Wednesday,409,3,0,1,1,80,1,0,1,1,0,0,None,none,0,1,0,0,0,0,0,1,0,111,low,1,1,0,2
3/16/2017,Thursday,885,3,0,1,2,81,1,0,1,1,0,1,Low,low,1,1,0,0,0,0,0,0,1,112,medium,0,1,0,2
3/17/2017,Friday,1087,3,0,2,3,82,1,0,1,1,0,0,None,none,0,0,1,0,0,0,0,0,0,113,high,0,0,0,3
3/18/2017,Saturday,1615,3,0,2,3,83,1,0,1,1,0,2,Low,low,1,0,0,1,0,0,0,0,0,114,high,0,0,0,3
3/19/2017,Sunday,3949,3,0,3,3,84,1,0,1,1,0,0,None,none,0,0,0,0,1,0,0,0,0,115,high,0,0,0,3
3/20/2017,Monday,751,3,0,1,2,85,1,0,1,1,0,0,None,none,0,1,0,0,0,1,0,0,0,116,medium,1,0,0,2
3/21/2017,Tuesday,391,3,0,1,1,86,1,0,1,1,0,1,Low,low,1,1,0,0,0,0,1,0,0,117,low,1,1,0,2
3/22/2017,Wednesday,456,3,0,1,1,87,1,0,1,1,0,0,None,none,0,1,0,0,0,0,0,1,0,118,low,1,1,0,2
3/23/2017,Thursday,861,3,0,1,2,88,1,0,1,1,0,1,Low,low,1,1,0,0,0,0,0,0,1,119,medium,0,1,0,2
3/24/2017,Friday,1410,3,0,2,3,89,1,0,1,1,0,9,MediumHigh,high,4,0,1,0,0,0,0,0,0,120,high,0,0,0,3
3/25/2017,Saturday,3889,3,0,3,3,90,1,0,1,1,0,2,Low,low,1,0,0,1,0,0,0,0,0,121,high,0,0,0,3
3/26/2017,Sunday,2161,3,0,3,3,91,1,0,1,1,0,1,Low,low,1,0,0,0,1,0,0,0,0,122,high,0,0,0,3
3/27/2017,Monday,696,3,0,1,2,92,0,0,0,0,0,5,MediumLow,medium,2,1,0,0,0,1,0,0,0,123,medium,1,0,0,2
3/28/2017,Tuesday,607,3,0,1,2,93,0,0,0,0,0,2,Low,low,1,1,0,0,0,0,1,0,0,124,medium,1,1,0,2
3/29/2017,Wednesday,310,3,0,1,1,94,0,0,0,0,0,5,MediumLow,medium,2,1,0,0,0,0,0,1,0,125,low,1,1,0,2
3/30/2017,Thursday,669,3,0,1,2,95,0,0,0,0,0,1,Low,low,1,1,0,0,0,0,0,0,1,126,medium,0,1,0,2
3/31/2017,Friday,1716,3,0,2,3,96,0,0,0,0,0,0,None,none,0,0,1,0,0,0,0,0,0,127,high,0,0,0,3
4/1/2017,Saturday,1128,3,0,2,3,97,0,0,0,0,0,0,None,none,0,0,0,1,0,0,0,0,0,128,high,0,0,0,3
4/2/2017,Sunday,2154,3,0,3,3,98,0,0,0,0,0,0,None,none,0,0,0,0,1,0,0,0,0,129,high,0,0,0,3
4/3/2017,Monday,941,3,0,1,2,99,0,0,0,0,0,0,None,none,0,1,0,0,0,1,0,0,0,130,medium,1,0,0,2
4/4/2017,Tuesday,748,3,0,1,2,100,0,0,0,0,0,0,None,none,0,1,0,0,0,0,1,0,0,131,medium,1,1,0,2
4/5/2017,Wednesday,234,3,0,1,1,101,0,0,0,0,0,0,None,none,0,1,0,0,0,0,0,1,0,132,low,1,1,0,2
4/6/2017,Thursday,417,3,0,1,1,102,0,0,0,0,0,1,Low,low,1,1,0,0,0,0,0,0,1,133,low,0,1,0,2
4/7/2017,Friday,238,3,0,1,1,103,0,0,0,0,0,0,None,none,0,0,1,0,0,0,0,0,0,134,low,0,0,0,3
4/8/2017,Saturday,2286,3,0,3,3,104,0,0,0,0,0,4,MediumLow,medium,2,0,0,1,0,0,0,0,0,135,high,0,0,0,3
4/9/2017,Sunday,3248,3,0,3,3,105,0,0,0,0,0,4,MediumLow,medium,2,0,0,0,1,0,0,0,0,136,high,0,0,0,3
4/10/2017,Monday,624,3,0,1,2,106,0,0,0,0,0,4,MediumLow,medium,2,1,0,0,0,1,0,0,0,137,medium,1,0,0,2
4/11/2017,Tuesday,1274,3,0,2,3,107,0,0,0,0,0,3,Low,low,1,1,0,0,0,0,1,0,0,138,high,1,1,0,2
4/12/2017,Wednesday,475,3,0,1,1,108,0,0,0,0,0,7,Medium,medium,3,1,0,0,0,0,0,1,0,139,low,1,1,0,2
4/13/2017,Thursday,834,3,0,1,2,109,0,0,0,0,0,2,Low,low,1,1,0,0,0,0,0,0,1,140,medium,0,1,0,2
4/14/2017,Friday,1255,3,0,2,3,110,0,0,0,0,0,3,Low,low,1,0,1,0,0,0,0,0,0,141,high,0,0,0,3
4/15/2017,Saturday,2617,3,0,3,3,111,0,0,0,0,0,2,Low,low,1,0,0,1,0,0,0,0,0,142,high,0,0,0,3
4/16/2017,Sunday,1949,3,0,2,3,112,0,0,0,0,0,0,None,none,0,0,0,0,1,0,0,0,0,143,high,0,0,0,3
4/17/2017,Monday,343,3,0,1,1,113,0,0,0,0,0,2,Low,low,1,1,0,0,0,1,0,0,0,144,low,1,0,0,2
4/18/2017,Tuesday,343,3,0,1,1,114,0,0,0,0,0,0,None,none,0,1,0,0,0,0,1,0,0,145,low,1,1,0,2
4/19/2017,Wednesday,313,3,0,1,1,115,0,0,0,0,0,1,Low,low,1,1,0,0,0,0,0,1,0,146,low,1,1,0,2
4/20/2017,Thursday,343,3,0,1,1,116,0,0,0,0,0,4,MediumLow,medium,2,1,0,0,0,0,0,0,1,147,low,0,1,0,2
4/21/2017,Friday,1823,3,0,2,3,117,0,0,0,0,0,0,None,none,0,0,1,0,0,0,0,0,0,148,high,0,0,0,3
4/22/2017,Saturday,1659,3,0,2,3,118,0,0,0,0,0,0,None,none,0,0,0,1,0,0,0,0,0,149,high,0,0,0,3
4/23/2017,Sunday,1625,3,0,2,3,119,0,0,0,0,0,1,Low,low,1,0,0,0,1,0,0,0,0,150,high,0,0,0,3
